MilestoneID,ParticipantID,MilestoneTitle,MilestoneDate
1,1,Clinical Data Coordinator,2024-11-03
2,1,AA in Art & Design,2025-03-07
3,2,Middle School Diploma,2022-08-29
4,2,Published Project,2022-11-13
5,3,High School Diploma,2025-05-02
6,4,Mentorship Program,2023-06-26
7,4,Internship,2022-09-28
8,4,BS in Information Systems,2024-01-21
9,5,High School Diploma,2023-12-31
10,6,Junior QA Tester,2029-06-02
11,7,Middle School Diploma,2025-10-18
12,7,Product Designer,2032-02-02
13,8,Published Project,2024-05-06
14,9,BA in Studio Arts,2029-11-13
15,9,High School Diploma,2026-11-13
16,10,AA in Art & Design,2022-02-15
17,10,Systems Analyst,2022-07-19
18,10,IT Help Desk Trainee,2022-02-04
19,11,Published Project,2023-07-27
20,11,Product Designer,2033-05-01
21,12,High School Diploma,2023-09-21
22,12,Internship,2024-01-11
23,13,Digital Illustration Certificate,2023-08-10
24,14,High School Diploma,2022-10-09
25,15,Competition Award,2024-01-03
26,16,Customer Support Rep,2025-11-09
27,17,Competition Award,2023-03-19
28,18,Digital Illustration Certificate,2028-02-04
29,19,Competition Award,2022-10-31
30,20,BS in Information Systems,2022-10-19
31,21,MFA in Studio Arts,2024-09-10
32,22,Internship,2025-03-28
33,23,High School Diploma,2023-11-25
34,24,Data Analytics Certificate,2023-04-12
35,24,Customer Support Rep,2022-03-12
36,25,Customer Support Rep,2025-07-29
37,26,Internship,2023-09-02
38,27,Internship,2023-11-02
39,27,BS in Information Systems,2024-03-11
40,28,Internship,2023-06-16
41,29,Camp Counselor,2025-07-16
42,30,Published Project,2024-01-26
43,31,BA in Studio Arts,2033-06-02
44,31,Data Analytics Certificate,2031-06-02
45,32,High School Diploma,2023-04-09
46,33,AA in Art & Design,2028-07-31
47,34,AAS in Drafting & Design,2025-08-22
48,35,BS in Mechanical Engineering,2032-12-16
49,36,Middle School Diploma,2026-01-28
50,36,AAS in Drafting & Design,2025-04-01
51,37,Studio Assistant,2025-03-05
52,38,Web Development Certificate,2026-03-06
53,39,Middle School Diploma,2023-08-14
54,40,Competition Award,2026-02-09
55,41,Middle School Diploma,2024-09-30
56,42,MBA,2022-04-01
57,43,Internship,2023-12-02
58,44,AA in Art & Design,2024-11-20
59,44,Middle School Diploma,2024-11-10
60,45,Published Project,2026-02-02
61,46,Mentorship Program,2026-01-14
62,47,Camp Counselor,2025-08-09
63,47,AA in Art & Design,2026-08-28
64,47,Published Project,2025-03-03
65,48,High School Diploma,2025-05-03
66,49,Clinical Data Coordinator,2029-06-02
67,49,Published Project,2022-03-24
68,50,Clinical Data Coordinator,2031-07-15
69,50,Retail Assistant,2024-06-09
70,51,Mentorship Program,2024-05-04
71,51,Competition Award,2023-09-01
72,52,Camp Counselor,2023-09-04
73,52,MFA in Studio Arts,2036-01-02
74,53,IT Help Desk Trainee,2024-05-30
75,53,Middle School Diploma,2024-08-29
76,54,Systems Analyst,2028-04-30
77,55,BA in Studio Arts,2024-11-22
78,56,Lifeguard,2025-11-11
79,57,Middle School Diploma,2023-04-28
80,57,Competition Award,2023-08-26
81,58,Internship,2024-10-10
82,58,BA in Studio Arts,2022-11-23
83,59,Internship,2024-04-05
84,60,Competition Award,2022-12-25
85,61,Middle School Diploma,2025-10-10
86,62,AS in Information Systems,2026-04-02
87,63,Studio Assistant,2027-11-30
88,64,BS in Data Analytics,2033-05-07
89,64,Published Project,2025-12-16
90,65,Customer Support Rep,2023-04-25
91,66,Mentorship Program,2025-09-20
92,67,Middle School Diploma,2022-11-19
93,68,MBA,2027-07-18
94,68,Mentorship Program,2026-04-17
95,69,AS in Computer Science,2022-12-06
96,70,Middle School Diploma,2025-11-26
97,71,Competition Award,2023-05-19
98,71,Published Project,2023-11-20
99,72,AAS in Drafting & Design,2024-02-21
100,73,Web Development Certificate,2032-04-02
101,74,MS in Information Systems,2026-10-12
102,75,High School Diploma,2030-08-23
103,76,Competition Award,2026-01-19
104,76,Middle School Diploma,2025-12-08
105,76,MBA,2027-08-23
106,78,Product Designer,2032-03-15
107,79,Web Development Certificate,2030-10-24
108,79,Lab Assistant,2029-10-24
109,79,Middle School Diploma,2025-10-24
110,80,Mentorship Program,2025-10-31
111,81,Middle School Diploma,2023-10-31
112,82,Data Analyst,2033-07-11
113,83,Mentorship Program,2023-03-15
114,84,MS in Information Systems,2026-06-04
115,84,Published Project,2026-06-18
116,85,Published Project,2023-04-29
117,86,Studio Assistant,2023-02-11
118,87,Competition Award,2024-06-29
119,88,Published Project,2024-03-14
120,89,High School Diploma,2029-10-01
121,90,Digital Illustration Certificate,2030-01-11
122,90,Camp Counselor,2022-07-12
123,91,BS in Computer Science,2023-05-13
124,92,MFA in Studio Arts,2025-01-15
125,93,Internship,2025-08-15
126,93,Junior Art Assistant,2025-04-20
127,93,BS in Data Analytics,2026-08-09
128,94,Mentorship Program,2025-05-22
129,94,Web Development Certificate,2027-05-22
130,94,AAS in Drafting & Design,2027-05-22
131,95,BA in Studio Arts,2025-09-28
132,95,Internship,2022-04-17
133,96,Mentorship Program,2022-06-07
134,97,IT Support Certificate,2030-11-19
135,98,IT Support Certificate,2025-10-26
136,99,Internship,2023-02-20
137,100,High School Diploma,2030-02-15
138,101,Published Project,2023-07-28
139,102,IT Help Desk Trainee,2023-08-17
140,103,Data Analyst,2027-01-15
141,104,Camp Counselor,2023-09-18
142,104,IT Support Certificate,2029-09-02
143,105,Middle School Diploma,2024-04-25
144,106,BS in Data Analytics,2031-03-07
145,107,IT Help Desk Trainee,2025-02-27
146,108,Published Project,2025-01-09
147,108,Internship,2024-12-26
148,109,Product Designer,2023-11-30
149,110,Published Project,2025-11-07
150,110,Competition Award,2026-01-19
151,111,Digital Illustration Certificate,2026-03-31
152,111,MBA,2025-11-08
153,112,Web Development Certificate,2032-09-29
154,112,AS in Information Systems,2032-09-29
155,112,Middle School Diploma,2027-09-29
156,113,Clinical Data Coordinator,2031-07-02
157,114,BS in Information Systems,2031-02-10
158,115,Lab Assistant,2028-09-07
159,116,IT Support Certificate,2025-04-16
160,117,BS in Information Systems,2033-01-14
161,118,Published Project,2024-02-06
162,119,Systems Analyst,2022-10-16
163,120,Internship,2022-07-17
164,120,Junior QA Tester,2025-03-14
165,120,Published Project,2023-12-08
166,121,Clinical Data Coordinator,2022-01-23
167,122,High School Diploma,2025-05-15
168,123,BS in Data Analytics,2025-02-06
169,123,Mentorship Program,2025-08-31
170,124,Published Project,2022-04-28
171,124,Competition Award,2022-08-03
172,124,Mentorship Program,2022-03-11
173,125,High School Diploma,2026-07-06
174,126,Camp Counselor,2025-09-11
175,126,High School Diploma,2026-01-14
176,126,Web Development Certificate,2026-04-14
177,127,Competition Award,2025-06-15
178,127,Retail Assistant,2025-07-11
179,128,Published Project,2025-01-12
180,129,High School Diploma,2024-04-05
181,130,Data Analyst,2026-08-08
182,131,Internship,2025-02-21
183,132,Retail Assistant,2023-08-03
184,133,Data Analyst,2026-12-06
185,133,Junior Art Assistant,2023-04-16
186,134,Published Project,2023-12-28
187,135,Retail Assistant,2025-05-18
188,135,Published Project,2025-01-29
189,137,Web Development Certificate,2024-12-06
190,138,Lab Assistant,2030-02-12
191,138,Lifeguard,2023-05-23
192,139,Middle School Diploma,2027-12-07
193,139,Retail Assistant,2022-03-25
194,140,Lifeguard,2022-03-23
195,141,MS in Data Science,2026-04-01
196,142,Data Analyst,2024-09-15
197,143,BS in Computer Science,2027-10-14
198,143,Software Engineer I,2027-11-13
199,144,Middle School Diploma,2025-03-09
200,144,Junior Art Assistant,2024-11-25
201,144,Internship,2024-12-23
202,145,Internship,2025-01-17
203,146,AAS in Drafting & Design,2032-09-23
204,147,Middle School Diploma,2023-03-07
205,147,Digital Illustration Certificate,2027-06-09
206,147,Mentorship Program,2024-11-16
207,148,IT Help Desk Trainee,2022-12-27
208,148,Apprentice Technician,2022-07-13
209,149,Competition Award,2024-02-09
210,149,High School Diploma,2030-04-11
211,150,Competition Award,2025-01-21
212,150,Customer Support Rep,2029-02-28
213,151,Lifeguard,2025-10-02
214,152,Middle School Diploma,2025-10-29
215,153,High School Diploma,2026-03-21
216,154,Middle School Diploma,2025-05-08
217,154,MS in Information Systems,2029-11-09
218,155,Internship,2024-04-20
219,156,Published Project,2022-06-24
220,156,Internship,2022-07-01
221,156,High School Diploma,2022-12-04
222,157,Internship,2024-07-28
223,157,High School Diploma,2029-09-18
224,159,High School Diploma,2024-10-01
225,159,Mentorship Program,2024-08-21
226,160,Systems Analyst,2025-08-20
227,161,Mentorship Program,2024-06-01
228,161,Published Project,2024-04-14
229,162,Competition Award,2024-06-28
230,164,MBA,2031-04-12
231,165,BS in Data Analytics,2026-04-29
232,166,Web Development Certificate,2026-01-29
233,166,Customer Support Rep,2025-01-29
234,167,Middle School Diploma,2025-05-11
235,168,Middle School Diploma,2023-11-11
236,168,Mentorship Program,2023-08-14
237,168,BS in Mechanical Engineering,2023-11-18
238,169,Internship,2023-03-21
239,171,Middle School Diploma,2025-01-31
240,172,AA in Art & Design,2030-03-04
241,173,Competition Award,2023-12-31
242,174,Camp Counselor,2024-03-07
243,174,High School Diploma,2026-05-19
244,175,Middle School Diploma,2024-06-26
245,176,Internship,2025-03-16
246,176,AS in Information Systems,2029-01-19
247,177,Internship,2024-01-12
248,178,Published Project,2023-08-29
249,178,Internship,2023-12-11
250,179,High School Diploma,2025-04-02
251,180,Studio Assistant,2029-09-15
252,182,Middle School Diploma,2025-08-26
253,183,Internship,2023-12-08
254,183,Studio Assistant,2023-06-10
255,184,High School Diploma,2023-12-19
256,185,Internship,2022-11-01
257,186,Mentorship Program,2024-09-07
258,187,Product Designer,2026-04-12
259,188,Data Analyst,2034-10-16
260,189,BS in Data Analytics,2024-11-05
261,189,Software Engineer I,2025-02-19
262,190,MBA,2023-03-30
263,191,Published Project,2025-07-30
264,192,IT Support Certificate,2028-11-23
265,192,Retail Assistant,2023-03-21
266,193,High School Diploma,2025-12-16
267,194,Clinical Data Coordinator,2030-08-15
268,194,Internship,2023-12-13
269,195,Data Analytics Certificate,2029-04-11
270,196,AS in Information Systems,2023-12-25
271,196,IT Support Certificate,2023-12-06
272,197,Internship,2023-01-08
273,198,Systems Analyst,2023-09-17
274,199,High School Diploma,2031-02-10
275,200,Competition Award,2026-08-07
276,201,Mentorship Program,2026-02-07
277,201,Systems Analyst,2025-07-05
278,201,High School Diploma,2022-10-18
279,202,Middle School Diploma,2024-05-19
280,202,MS in Data Science,2024-04-05
281,204,Published Project,2022-08-11
282,204,Middle School Diploma,2022-04-17
283,205,Published Project,2026-01-25
284,206,Middle School Diploma,2025-04-14
285,206,MBA,2028-02-17
286,207,Junior QA Tester,2025-10-29
287,208,AS in Information Systems,2025-12-20
288,208,Published Project,2025-10-25
289,209,BS in Information Systems,2028-04-01
290,209,AS in Information Systems,2026-04-01
291,210,Digital Illustration Certificate,2029-04-26
292,211,Junior QA Tester,2024-07-25
293,211,Junior Art Assistant,2025-01-18
294,212,BS in Data Analytics,2032-09-14
295,212,Middle School Diploma,2025-09-14
296,213,Digital Illustration Certificate,2024-01-21
297,213,Internship,2023-10-15
298,214,Junior Art Assistant,2023-01-02
299,215,AS in Computer Science,2024-11-23
300,216,Mentorship Program,2022-11-01
301,216,Competition Award,2022-05-31
302,217,High School Diploma,2027-07-08
303,218,Retail Assistant,2025-07-20
304,219,AS in Computer Science,2023-09-06
305,219,Internship,2023-10-06
306,220,Middle School Diploma,2025-07-09
307,220,High School Diploma,2026-07-09
308,221,Published Project,2023-10-04
309,222,Competition Award,2023-11-13
310,223,MFA in Studio Arts,2034-08-04
311,224,Lifeguard,2025-05-31
312,225,IT Help Desk Trainee,2023-12-09
313,225,Published Project,2023-09-15
314,226,Middle School Diploma,2023-12-16
315,228,Web Development Certificate,2032-07-10
316,229,Competition Award,2025-01-16
317,230,MBA,2025-11-07
318,231,Retail Assistant,2025-09-12
319,232,High School Diploma,2030-05-22
320,233,Internship,2022-07-17
321,233,Competition Award,2024-01-10
322,234,Competition Award,2022-07-01
323,235,IT Support Certificate,2025-11-29
324,235,AS in Computer Science,2025-11-29
325,235,Camp Counselor,2024-11-02
326,236,Competition Award,2024-12-10
327,236,Mentorship Program,2024-09-20
328,237,Internship,2025-07-09
329,238,Lab Assistant,2030-09-16
330,239,Lab Assistant,2025-02-28
331,240,Web Development Certificate,2022-09-22
332,241,MS in Information Systems,2031-11-11
333,242,Software Engineer I,2028-07-07
334,243,Systems Analyst,2035-04-06
335,243,Web Development Certificate,2032-04-06
336,244,Middle School Diploma,2024-04-28
337,245,Web Development Certificate,2023-07-24
338,246,Competition Award,2023-08-20
339,247,Mentorship Program,2022-05-10
340,248,Middle School Diploma,2022-06-13
341,249,Published Project,2024-04-16
342,249,Competition Award,2022-06-11
343,250,Middle School Diploma,2025-01-28
344,251,BS in Information Systems,2025-10-24
345,252,MS in Information Systems,2035-02-09
346,252,Published Project,2024-05-20
347,253,Mentorship Program,2026-03-20
348,253,MFA in Studio Arts,2026-10-19
349,253,Middle School Diploma,2024-03-11
350,254,Internship,2024-07-22
351,254,Competition Award,2024-08-22
352,255,MS in Information Systems,2026-12-01
353,255,Published Project,2025-12-13
354,257,MS in Data Science,2022-10-05
355,258,Middle School Diploma,2024-09-16
356,259,High School Diploma,2025-12-15
357,260,AA in Art & Design,2027-10-02
358,261,Middle School Diploma,2022-04-05
359,261,Web Development Certificate,2022-08-15
360,261,Software Engineer I,2022-10-04
361,262,Published Project,2025-12-23
362,263,Camp Counselor,2022-07-04
363,264,Digital Illustration Certificate,2022-07-08
364,265,IT Help Desk Trainee,2024-08-15
365,265,Competition Award,2024-11-01
366,266,Camp Counselor,2025-09-09
367,267,MS in Information Systems,2023-06-02
368,267,Software Engineer I,2023-07-02
369,268,Web Development Certificate,2025-01-08
370,269,Customer Support Rep,2027-08-22
371,270,AS in Computer Science,2025-04-14
372,271,Camp Counselor,2022-12-28
373,273,AAS in Drafting & Design,2023-09-22
374,274,Junior QA Tester,2026-07-04
375,275,Apprentice Technician,2031-08-04
376,275,BA in Studio Arts,2034-08-04
377,276,Published Project,2023-04-22
378,279,High School Diploma,2026-02-07
379,279,Data Analytics Certificate,2026-05-08
380,280,Competition Award,2025-07-30
381,282,Camp Counselor,2024-12-18
382,283,MBA,2030-09-29
383,284,MBA,2027-04-23
384,286,MFA in Studio Arts,2029-03-06
385,287,AS in Computer Science,2025-07-06
386,288,Customer Support Rep,2027-03-12
387,288,Mentorship Program,2025-07-30
388,288,IT Support Certificate,2028-03-12
389,289,Published Project,2025-07-27
390,289,Middle School Diploma,2025-08-18
391,290,Web Development Certificate,2025-06-12
392,290,AA in Art & Design,2025-07-08
393,290,Mentorship Program,2023-07-19
394,291,Mentorship Program,2024-08-19
395,292,Published Project,2025-09-27
396,293,Competition Award,2025-03-24
397,294,Published Project,2024-04-13
398,294,Mentorship Program,2025-01-13
399,295,Clinical Data Coordinator,2030-07-29
400,296,Apprentice Technician,2023-09-06
401,296,Competition Award,2023-02-16
402,296,MS in Information Systems,2024-03-09
403,297,Retail Assistant,2023-07-09
404,297,AA in Art & Design,2024-09-21
405,298,IT Help Desk Trainee,2022-08-09
406,298,Systems Analyst,2023-03-12
407,299,Software Engineer I,2033-05-02
408,300,Internship,2025-05-10
409,301,Published Project,2023-03-19
410,302,Mentorship Program,2025-08-21
411,302,AAS in Drafting & Design,2025-10-26
412,303,BS in Computer Science,2026-01-22
413,304,Internship,2025-08-15
414,305,Web Development Certificate,2025-01-16
415,305,BS in Computer Science,2024-08-19
416,305,Systems Analyst,2024-09-18
417,306,Middle School Diploma,2022-03-20
418,307,Data Analyst,2027-03-25
419,308,AAS in Drafting & Design,2025-06-21
420,309,Competition Award,2022-07-06
421,309,Mentorship Program,2025-01-20
422,310,Middle School Diploma,2023-07-10
423,311,High School Diploma,2022-08-27
424,312,Studio Assistant,2029-09-17
425,313,Middle School Diploma,2025-01-05
426,314,Web Development Certificate,2025-01-14
427,315,Middle School Diploma,2027-06-08
428,315,Digital Illustration Certificate,2032-06-08
429,316,High School Diploma,2026-02-04
430,318,AS in Computer Science,2025-08-06
431,319,Data Analyst,2025-10-29
432,320,MBA,2029-08-18
433,321,Internship,2022-01-15
434,322,Lifeguard,2025-09-28
435,323,AS in Computer Science,2023-06-02
436,324,High School Diploma,2029-02-02
437,325,BS in Data Analytics,2034-11-17
438,326,Middle School Diploma,2023-01-09
439,326,Apprentice Technician,2023-02-05
440,327,MBA,2024-08-11
441,328,Data Analyst,2030-02-06
442,328,Customer Support Rep,2026-02-06
443,329,Internship,2023-09-29
444,329,Middle School Diploma,2023-09-25
445,330,Digital Illustration Certificate,2022-08-10
446,330,BA in Studio Arts,2022-05-19
447,331,MS in Data Science,2031-05-13
448,332,Clinical Data Coordinator,2031-01-22
449,333,Published Project,2024-06-28
450,334,Published Project,2024-02-23
451,334,Retail Assistant,2023-09-26
452,335,AS in Information Systems,2031-09-25
453,336,BS in Information Systems,2034-06-10
454,337,Mentorship Program,2025-06-28
455,338,Internship,2025-07-14
456,339,Middle School Diploma,2025-12-30
457,340,AA in Art & Design,2022-11-15
458,341,BS in Information Systems,2025-09-21
459,342,Web Development Certificate,2025-01-13
460,343,Published Project,2025-04-13
461,344,Junior QA Tester,2023-09-24
462,345,High School Diploma,2022-03-26
463,345,Camp Counselor,2022-01-25
464,346,Camp Counselor,2023-08-03
465,346,AS in Information Systems,2023-06-20
466,347,Systems Analyst,2032-01-10
467,348,Published Project,2023-06-19
468,349,Internship,2025-06-02
469,350,Competition Award,2025-04-14
470,350,Customer Support Rep,2025-08-13
471,351,AAS in Drafting & Design,2025-10-27
472,352,BS in Data Analytics,2026-03-20
473,353,BA in Studio Arts,2027-01-26
474,353,Competition Award,2023-08-07
475,353,Published Project,2025-10-05
476,353,Digital Illustration Certificate,2025-01-26
477,354,Junior Art Assistant,2022-02-17
478,354,AA in Art & Design,2023-11-13
479,355,BS in Computer Science,2022-11-29
480,356,IT Help Desk Trainee,2026-01-28
481,357,IT Support Certificate,2024-10-24
482,357,MS in Information Systems,2026-03-02
483,358,BS in Mechanical Engineering,2024-10-15
484,359,MS in Information Systems,2034-02-24
485,359,Data Analytics Certificate,2030-02-24
486,360,Lifeguard,2024-12-22
487,361,Product Designer,2022-10-25
488,362,Software Engineer I,2024-07-24
489,362,IT Help Desk Trainee,2023-06-22
490,363,Competition Award,2024-01-07
491,364,Mentorship Program,2023-10-10
492,364,Middle School Diploma,2023-08-18
493,365,IT Support Certificate,2022-10-27
494,365,Mentorship Program,2022-07-24
495,366,Internship,2025-08-15
496,367,Internship,2023-08-21
497,368,Internship,2022-03-13
498,369,Internship,2022-09-07
499,370,Apprentice Technician,2030-09-29
500,371,MBA,2031-02-16
501,371,Internship,2024-10-27
502,372,Internship,2024-12-29
503,372,Published Project,2025-04-21
504,373,High School Diploma,2024-10-20
505,374,Customer Support Rep,2024-09-13
506,374,BA in Studio Arts,2027-04-15
507,375,Digital Illustration Certificate,2024-11-06
508,376,Published Project,2026-06-21
509,377,IT Support Certificate,2031-10-20
510,377,Internship,2023-10-10
511,378,Studio Assistant,2025-12-25
512,379,High School Diploma,2023-10-24
513,381,AS in Information Systems,2023-12-06
514,382,Clinical Data Coordinator,2025-09-15
515,383,BA in Studio Arts,2022-06-25
516,384,Competition Award,2022-03-11
517,385,MS in Data Science,2032-06-02
518,385,AA in Art & Design,2028-06-02
519,386,Competition Award,2022-06-21
520,387,Competition Award,2026-06-06
521,388,Camp Counselor,2025-10-14
522,389,Lifeguard,2022-03-04
523,390,BS in Mechanical Engineering,2033-09-16
524,390,Internship,2025-06-25
525,390,High School Diploma,2030-09-16
526,391,Mentorship Program,2024-07-26
527,392,High School Diploma,2027-10-31
528,393,Mentorship Program,2023-09-03
529,395,Competition Award,2024-07-11
530,395,AAS in Drafting & Design,2024-03-20
531,396,Middle School Diploma,2024-10-07
532,397,High School Diploma,2024-08-17
533,398,MS in Data Science,2025-08-06
534,400,AS in Computer Science,2026-08-23
535,401,Internship,2024-02-23
536,402,Middle School Diploma,2023-02-08
537,403,Web Development Certificate,2029-06-26
538,404,Web Development Certificate,2026-04-18
539,404,Retail Assistant,2025-11-10
540,406,Junior Art Assistant,2022-07-06
541,407,BS in Data Analytics,2024-02-22
542,408,IT Support Certificate,2023-04-17
543,409,Software Engineer I,2034-05-24
544,410,AS in Information Systems,2025-08-23
545,410,Data Analytics Certificate,2024-10-24
546,410,Published Project,2025-02-05
547,410,Lifeguard,2025-10-11
548,411,AA in Art & Design,2025-01-17
549,411,Published Project,2024-09-15
550,412,BA in Studio Arts,2028-05-27
551,413,Junior QA Tester,2024-08-27
552,414,Systems Analyst,2025-08-15
553,414,MS in Data Science,2025-07-16
554,415,IT Support Certificate,2025-11-08
555,416,BS in Mechanical Engineering,2030-12-04
556,417,AA in Art & Design,2025-08-16
557,418,AA in Art & Design,2032-12-23
558,419,Middle School Diploma,2025-06-07
559,420,BS in Mechanical Engineering,2024-07-10
560,421,High School Diploma,2025-06-30
561,422,Product Designer,2035-04-23
562,424,Published Project,2022-11-29
563,426,AA in Art & Design,2029-12-20
564,427,AA in Art & Design,2022-06-26
565,428,Internship,2023-04-08
566,428,Retail Assistant,2022-11-12
567,429,Lab Assistant,2025-05-13
568,430,Competition Award,2023-12-21
569,431,IT Help Desk Trainee,2025-01-31
570,431,Internship,2025-04-13
571,433,Published Project,2025-02-06
572,434,Studio Assistant,2023-08-26
573,435,MS in Data Science,2026-06-13
574,435,Published Project,2026-05-12
575,436,IT Support Certificate,2029-09-18
576,437,Systems Analyst,2023-12-10
577,438,High School Diploma,2025-06-29
578,439,High School Diploma,2024-07-29
579,440,AS in Computer Science,2026-04-18
580,441,High School Diploma,2031-09-18
581,442,Competition Award,2024-10-09
582,443,Competition Award,2025-11-01
583,443,Mentorship Program,2026-05-09
584,444,Mentorship Program,2025-09-18
585,445,Mentorship Program,2025-07-21
586,446,Middle School Diploma,2024-11-28
587,447,MFA in Studio Arts,2036-01-28
588,448,Mentorship Program,2022-10-21
589,448,Internship,2022-03-27
590,449,BS in Mechanical Engineering,2033-07-08
591,450,High School Diploma,2028-08-29
592,451,Competition Award,2023-11-12
593,452,High School Diploma,2030-05-26
594,453,AAS in Drafting & Design,2029-01-27
595,453,Internship,2026-01-06
596,454,Lab Assistant,2025-04-07
597,455,Lab Assistant,2022-08-31
598,456,Retail Assistant,2024-11-22
599,457,Middle School Diploma,2026-07-17
600,458,Internship,2023-08-15
601,458,MS in Data Science,2023-03-06
602,459,Published Project,2026-02-20
603,459,Data Analytics Certificate,2032-12-08
604,460,MBA,2025-07-01
605,461,Middle School Diploma,2023-12-03
606,461,Retail Assistant,2022-11-26
607,462,Data Analytics Certificate,2025-06-07
608,462,MS in Information Systems,2025-02-02
609,463,Mentorship Program,2023-09-26
610,463,Digital Illustration Certificate,2023-07-13
611,464,Middle School Diploma,2025-09-06
612,465,Internship,2024-07-13
613,466,MS in Information Systems,2029-12-30
614,466,Mentorship Program,2024-12-19
615,467,AAS in Drafting & Design,2022-06-11
616,468,BA in Studio Arts,2028-12-01
617,468,Junior QA Tester,2025-12-01
618,469,Camp Counselor,2025-03-28
619,469,AS in Computer Science,2027-12-17
620,470,Data Analytics Certificate,2028-01-23
621,471,Published Project,2025-08-29
622,471,Clinical Data Coordinator,2026-03-11
623,472,Middle School Diploma,2023-02-14
624,473,Camp Counselor,2023-01-03
625,474,High School Diploma,2024-08-10
626,474,MS in Data Science,2028-11-11
627,475,High School Diploma,2027-03-29
628,476,High School Diploma,2022-09-16
629,476,Clinical Data Coordinator,2022-03-08
630,477,High School Diploma,2025-07-14
631,477,Retail Assistant,2025-05-15
632,478,Mentorship Program,2025-11-09
633,479,Competition Award,2026-03-11
634,480,BS in Mechanical Engineering,2022-11-20
635,480,Published Project,2022-08-16
636,481,High School Diploma,2030-07-21
637,482,Internship,2023-08-29
638,483,Middle School Diploma,2022-05-18
639,483,AA in Art & Design,2026-10-06
640,484,High School Diploma,2024-10-22
641,485,MFA in Studio Arts,2031-05-17
642,486,Software Engineer I,2031-02-08
643,487,Mentorship Program,2022-02-15
644,488,Retail Assistant,2023-07-27
645,488,BS in Computer Science,2034-07-04
646,489,Middle School Diploma,2023-09-17
647,490,Middle School Diploma,2025-07-14
648,491,Published Project,2023-06-28
649,492,Software Engineer I,2030-08-01
650,492,Studio Assistant,2026-08-01
651,493,Systems Analyst,2025-08-05
652,494,Mentorship Program,2023-04-26
653,495,BA in Studio Arts,2028-09-29
654,496,Published Project,2025-08-07
655,497,Web Development Certificate,2027-08-03
656,498,Competition Award,2024-08-08
657,499,Middle School Diploma,2024-01-19
658,500,Middle School Diploma,2025-02-14
659,502,BS in Information Systems,2031-07-15
660,503,High School Diploma,2025-04-04
661,504,IT Support Certificate,2025-07-22
662,505,Internship,2022-12-27
663,507,Junior Art Assistant,2024-12-14
664,507,Internship,2024-12-15
665,507,IT Support Certificate,2028-08-31
666,508,Mentorship Program,2022-06-30
667,508,BS in Information Systems,2022-08-08
668,509,Studio Assistant,2031-07-03
669,510,Digital Illustration Certificate,2024-12-26
670,510,High School Diploma,2023-12-26
671,511,Published Project,2024-10-22
672,512,MS in Information Systems,2033-08-30
673,513,Middle School Diploma,2025-05-12
674,514,Competition Award,2025-06-10
675,515,Apprentice Technician,2024-08-17
676,515,BS in Mechanical Engineering,2023-09-18
677,516,Internship,2025-04-20
678,517,Junior QA Tester,2026-04-14
679,518,Junior Art Assistant,2023-11-17
680,519,Apprentice Technician,2022-09-17
681,521,MS in Information Systems,2024-02-06
682,522,Published Project,2021-12-14
683,523,BS in Information Systems,2024-09-16
684,524,Competition Award,2024-04-08
685,525,Middle School Diploma,2027-10-29
686,526,High School Diploma,2026-04-09
687,527,AAS in Drafting & Design,2025-12-05
688,528,Internship,2024-12-23
689,529,Retail Assistant,2024-06-09
690,530,Middle School Diploma,2023-12-01
691,531,High School Diploma,2023-07-28
692,532,High School Diploma,2029-02-23
693,532,AAS in Drafting & Design,2030-02-23
694,533,MFA in Studio Arts,2028-12-08
695,534,Data Analyst,2029-02-03
696,535,IT Help Desk Trainee,2023-06-01
697,536,Lab Assistant,2025-12-07
698,536,Data Analytics Certificate,2026-12-07
699,537,Mentorship Program,2026-04-05
700,538,Published Project,2023-01-25
701,539,High School Diploma,2031-10-10
702,540,Competition Award,2023-04-15
703,541,Middle School Diploma,2023-07-29
704,541,Internship,2023-07-04
705,542,High School Diploma,2025-05-07
706,543,Published Project,2022-07-16
707,543,Lab Assistant,2024-12-10
708,544,Digital Illustration Certificate,2025-10-26
709,545,Internship,2024-07-16
710,545,Retail Assistant,2024-02-24
711,546,High School Diploma,2023-12-08
712,547,MS in Information Systems,2029-03-31
713,548,Digital Illustration Certificate,2025-07-05
714,549,Junior Art Assistant,2023-08-05
715,550,Retail Assistant,2022-09-17
716,550,Published Project,2022-07-27
717,551,Web Development Certificate,2027-08-03
718,552,Apprentice Technician,2023-07-25
719,553,Retail Assistant,2025-05-20
720,554,Digital Illustration Certificate,2022-07-24
721,555,Middle School Diploma,2025-04-15
722,556,High School Diploma,2022-07-05
723,556,Lifeguard,2022-05-02
724,556,Apprentice Technician,2022-09-01
725,557,Internship,2024-07-11
726,557,BS in Mechanical Engineering,2024-05-06
727,558,BS in Information Systems,2026-01-16
728,559,Data Analyst,2027-09-23
729,560,BA in Studio Arts,2032-04-27
730,560,Middle School Diploma,2025-04-27
731,561,Apprentice Technician,2025-10-09
732,561,AS in Information Systems,2025-11-18
733,562,Competition Award,2022-12-07
734,563,MS in Data Science,2023-11-16
735,563,Lab Assistant,2024-02-18
736,564,Mentorship Program,2024-05-26
737,565,Digital Illustration Certificate,2031-06-17
738,565,Competition Award,2023-07-10
739,566,Software Engineer I,2030-04-04
740,566,BS in Information Systems,2030-03-05
741,567,Data Analytics Certificate,2025-10-16
742,568,High School Diploma,2025-10-31
743,568,Middle School Diploma,2024-10-31
744,570,MS in Information Systems,2033-10-02
745,572,Mentorship Program,2022-07-23
746,573,Customer Support Rep,2026-04-29
747,573,Data Analytics Certificate,2026-05-13
748,574,Middle School Diploma,2023-05-10
749,575,Web Development Certificate,2022-12-23
750,576,IT Help Desk Trainee,2024-05-28
751,577,IT Help Desk Trainee,2023-09-17
752,578,Competition Award,2025-06-07
753,579,Internship,2026-04-18
754,580,MS in Data Science,2024-10-31
755,581,Published Project,2023-10-23
756,582,Internship,2022-02-14
757,582,AS in Information Systems,2022-01-20
758,583,AS in Information Systems,2028-10-18
759,584,IT Support Certificate,2029-05-09
760,584,Lab Assistant,2028-05-09
761,584,Middle School Diploma,2024-05-12
762,585,Software Engineer I,2026-10-21
763,586,Apprentice Technician,2022-02-20
764,587,MS in Data Science,2024-08-26
765,588,Internship,2024-03-26
766,589,AS in Information Systems,2027-04-03
767,590,Web Development Certificate,2028-08-03
768,592,Competition Award,2023-08-02
769,593,Competition Award,2025-02-01
770,594,AA in Art & Design,2023-06-05
771,595,Mentorship Program,2025-06-03
772,595,Customer Support Rep,2023-08-20
773,596,Competition Award,2024-08-14
774,596,Middle School Diploma,2024-04-19
775,597,MS in Information Systems,2024-01-08
776,598,Clinical Data Coordinator,2033-11-14
777,598,Lab Assistant,2029-11-14
778,599,Product Designer,2024-10-13
779,599,Customer Support Rep,2022-03-02
780,600,Data Analytics Certificate,2026-04-09
781,601,Internship,2025-10-20
782,601,MFA in Studio Arts,2028-10-28
783,602,Competition Award,2022-02-28
784,603,MS in Data Science,2028-10-24
785,604,Digital Illustration Certificate,2025-11-18
786,604,Competition Award,2025-11-29
787,604,AAS in Drafting & Design,2025-10-02
788,605,BS in Data Analytics,2033-05-05
789,605,IT Help Desk Trainee,2022-11-08
790,605,Competition Award,2025-05-21
791,606,Web Development Certificate,2030-09-19
792,607,Published Project,2023-01-19
793,607,High School Diploma,2031-04-23
794,608,Studio Assistant,2026-03-04
795,608,Middle School Diploma,2023-03-27
796,609,Web Development Certificate,2029-08-02
797,609,BA in Studio Arts,2031-08-02
798,610,MS in Data Science,2030-08-17
799,611,Competition Award,2024-03-12
800,612,High School Diploma,2031-02-25
801,613,Retail Assistant,2023-01-25
802,613,Mentorship Program,2022-10-29
803,614,MS in Data Science,2034-02-23
804,615,AA in Art & Design,2026-05-23
805,615,Junior QA Tester,2026-05-11
806,616,Customer Support Rep,2023-10-20
807,617,Mentorship Program,2022-10-22
808,618,Competition Award,2024-04-09
809,619,AS in Information Systems,2032-04-21
810,620,Competition Award,2023-08-20
811,620,Published Project,2023-01-09
812,621,BS in Computer Science,2027-05-31
813,622,IT Support Certificate,2024-06-18
814,623,Lifeguard,2023-11-03
815,624,Studio Assistant,2024-02-20
816,625,Middle School Diploma,2025-08-26
817,625,BS in Computer Science,2032-08-26
818,626,Retail Assistant,2024-07-27
819,627,BS in Computer Science,2023-04-25
820,628,Published Project,2022-07-23
821,629,Competition Award,2025-07-31
822,629,High School Diploma,2030-08-10
823,630,Internship,2023-08-29
824,630,IT Support Certificate,2025-07-31
825,631,Competition Award,2025-12-14
826,632,Internship,2023-11-22
827,632,BS in Information Systems,2024-05-25
828,633,MS in Information Systems,2027-11-04
829,634,AA in Art & Design,2026-07-23
830,635,Lab Assistant,2024-01-17
831,636,Mentorship Program,2025-11-15
832,637,AS in Information Systems,2027-09-08
833,638,Middle School Diploma,2024-11-05
834,638,Internship,2024-05-20
835,639,Middle School Diploma,2025-05-02
836,640,Internship,2025-01-13
837,640,Middle School Diploma,2025-04-20
838,641,BS in Data Analytics,2029-10-11
839,641,AS in Computer Science,2027-10-11
840,642,IT Support Certificate,2027-05-08
841,643,Internship,2025-03-19
842,644,Mentorship Program,2022-09-10
843,645,High School Diploma,2024-08-04
844,646,High School Diploma,2029-04-30
845,646,Junior QA Tester,2029-05-30
846,647,Internship,2022-10-24
847,648,IT Support Certificate,2022-07-22
848,649,BA in Studio Arts,2030-11-16
849,649,Middle School Diploma,2024-11-01
850,650,BS in Mechanical Engineering,2028-07-23
851,650,Systems Analyst,2028-08-22
852,651,AA in Art & Design,2022-05-25
853,652,Published Project,2023-11-13
854,652,Digital Illustration Certificate,2023-12-17
855,653,AS in Computer Science,2026-07-21
856,654,IT Help Desk Trainee,2024-06-20
857,654,High School Diploma,2024-08-19
858,655,Middle School Diploma,2024-01-22
859,656,Apprentice Technician,2028-12-05
860,656,BS in Data Analytics,2031-12-05
861,657,Mentorship Program,2025-11-19
862,658,High School Diploma,2024-02-14
863,659,Product Designer,2025-12-21
864,659,Apprentice Technician,2023-06-02
865,660,Middle School Diploma,2024-08-30
866,661,Junior Art Assistant,2024-01-31
867,662,Data Analytics Certificate,2025-10-16
868,663,Lab Assistant,2022-11-08
869,663,Internship,2023-01-01
870,663,Published Project,2022-08-12
871,664,Internship,2022-07-28
872,664,AS in Computer Science,2024-01-17
873,664,Mentorship Program,2023-01-17
874,665,AS in Information Systems,2024-07-13
875,666,BS in Data Analytics,2024-12-19
876,667,Clinical Data Coordinator,2035-03-07
877,668,AS in Information Systems,2031-08-06
878,668,Competition Award,2025-12-26
879,668,MS in Information Systems,2035-08-06
880,669,High School Diploma,2024-03-07
881,670,AS in Information Systems,2025-03-20
882,671,Middle School Diploma,2025-04-17
883,671,Clinical Data Coordinator,2032-01-06
884,672,High School Diploma,2028-09-07
885,673,AS in Information Systems,2025-06-17
886,674,Web Development Certificate,2024-06-15
887,675,AA in Art & Design,2028-11-06
888,676,Competition Award,2025-05-06
889,677,Middle School Diploma,2027-08-18
890,678,Data Analytics Certificate,2031-09-19
891,679,IT Support Certificate,2027-02-14
892,679,IT Help Desk Trainee,2024-02-04
893,680,High School Diploma,2024-03-22
894,681,Studio Assistant,2025-09-06
895,682,Competition Award,2022-10-26
896,682,Data Analyst,2028-10-02
897,683,Published Project,2025-12-05
898,684,Competition Award,2025-06-25
899,686,Internship,2023-01-31
900,686,Mentorship Program,2023-03-26
901,687,Lab Assistant,2023-03-28
902,688,Competition Award,2022-05-01
903,689,Studio Assistant,2029-04-29
904,690,MS in Data Science,2024-06-17
905,692,High School Diploma,2026-01-23
906,693,Middle School Diploma,2023-11-23
907,694,Published Project,2022-04-30
908,695,Junior QA Tester,2030-11-14
909,695,MFA in Studio Arts,2035-11-14
910,697,Middle School Diploma,2024-03-03
911,698,Lab Assistant,2029-07-12
912,699,Published Project,2024-09-17
913,699,Internship,2025-02-04
914,700,Internship,2025-03-25
915,700,Junior Art Assistant,2024-11-11
916,701,AS in Computer Science,2027-03-17
917,702,MS in Data Science,2029-02-04
918,703,Apprentice Technician,2031-06-30
919,703,Competition Award,2022-08-20
920,704,Mentorship Program,2025-03-04
921,705,Clinical Data Coordinator,2024-06-25
922,706,High School Diploma,2026-08-11
923,707,High School Diploma,2023-11-15
924,708,Published Project,2025-05-19
925,709,MBA,2030-12-03
926,709,Camp Counselor,2023-05-13
927,710,Middle School Diploma,2026-07-12
928,711,Published Project,2025-08-16
929,712,Apprentice Technician,2027-07-05
930,713,Digital Illustration Certificate,2027-05-20
931,714,Lifeguard,2023-07-27
932,715,Customer Support Rep,2024-09-14
933,715,Internship,2024-08-02
934,716,High School Diploma,2026-07-20
935,717,Middle School Diploma,2025-08-24
936,717,Apprentice Technician,2025-07-21
937,718,Systems Analyst,2027-06-04
938,719,Mentorship Program,2022-07-03
939,720,Systems Analyst,2033-03-05
940,720,High School Diploma,2029-03-05
941,721,IT Support Certificate,2023-05-03
942,722,Clinical Data Coordinator,2025-08-14
943,722,Published Project,2024-10-18
944,723,Customer Support Rep,2023-11-05
945,724,Apprentice Technician,2023-06-12
946,724,BS in Information Systems,2025-05-05
947,725,Apprentice Technician,2027-04-13
948,725,High School Diploma,2027-03-14
949,725,Middle School Diploma,2026-03-14
950,726,BS in Computer Science,2028-02-24
951,727,Digital Illustration Certificate,2024-03-10
952,728,Competition Award,2024-06-17
953,729,Product Designer,2026-05-03
954,731,AAS in Drafting & Design,2027-07-18
955,731,Product Designer,2030-07-18
956,732,Middle School Diploma,2025-04-26
957,733,Camp Counselor,2023-02-15
958,734,Middle School Diploma,2026-04-04
959,735,High School Diploma,2026-10-24
960,736,Middle School Diploma,2023-12-09
961,738,AAS in Drafting & Design,2024-06-23
962,739,Mentorship Program,2023-04-22
963,741,Internship,2023-01-22
964,742,AAS in Drafting & Design,2023-12-02
965,742,Lab Assistant,2023-06-13
966,743,Mentorship Program,2024-04-02
967,746,MFA in Studio Arts,2027-03-08
968,746,Customer Support Rep,2025-06-19
969,747,Lifeguard,2024-04-27
970,748,Published Project,2022-09-26
971,749,MFA in Studio Arts,2033-02-01
972,750,Internship,2025-10-30
973,751,Internship,2022-08-02
974,752,Junior Art Assistant,2022-06-30
975,753,Product Designer,2035-05-05
976,754,Mentorship Program,2023-04-18
977,755,Middle School Diploma,2023-04-16
978,755,MFA in Studio Arts,2024-04-30
979,756,Apprentice Technician,2024-05-07
980,757,Competition Award,2025-05-28
981,758,High School Diploma,2025-05-14
982,758,Published Project,2024-12-15
983,759,Systems Analyst,2033-02-01
984,759,Mentorship Program,2023-04-20
985,759,Internship,2023-04-14
986,760,Studio Assistant,2023-01-13
987,760,Software Engineer I,2023-04-04
988,762,Mentorship Program,2024-10-13
989,763,Internship,2023-04-20
990,764,Published Project,2024-04-18
991,764,Mentorship Program,2024-03-15
992,765,Published Project,2023-10-31
993,765,High School Diploma,2023-11-26
994,766,Published Project,2025-01-26
995,767,Product Designer,2034-06-07
996,768,Systems Analyst,2026-02-04
997,769,AS in Computer Science,2029-04-22
998,769,BA in Studio Arts,2031-04-22
999,770,High School Diploma,2031-12-04
1000,770,Web Development Certificate,2032-12-04
1001,771,Internship,2024-08-23
1002,772,MS in Data Science,2031-04-29
1003,772,Published Project,2026-07-27
1004,773,Data Analyst,2025-04-27
1005,773,Mentorship Program,2025-06-12
1006,773,Published Project,2025-10-29
1007,774,IT Help Desk Trainee,2022-05-29
1008,774,Clinical Data Coordinator,2027-03-22
1009,775,Mentorship Program,2025-05-10
1010,775,MS in Data Science,2029-07-07
1011,775,Internship,2025-03-12
1012,776,Digital Illustration Certificate,2027-08-28
1013,777,Data Analytics Certificate,2024-08-19
1014,778,Competition Award,2024-01-23
1015,779,AAS in Drafting & Design,2025-10-29
1016,780,Lifeguard,2023-05-18
1017,781,BS in Mechanical Engineering,2024-07-29
1018,781,Published Project,2024-09-06
1019,782,MS in Data Science,2030-11-13
1020,783,Published Project,2025-10-09
1021,783,Camp Counselor,2025-11-01
1022,784,Middle School Diploma,2024-12-18
1023,785,Middle School Diploma,2024-12-11
1024,786,IT Support Certificate,2025-09-13
1025,787,Middle School Diploma,2025-01-30
1026,788,Lab Assistant,2030-11-02
1027,789,Web Development Certificate,2028-10-05
1028,790,Apprentice Technician,2022-05-02
1029,790,Published Project,2022-06-22
1030,792,BS in Data Analytics,2032-01-09
1031,793,IT Support Certificate,2030-10-30
1032,794,Mentorship Program,2023-12-28
1033,795,Published Project,2025-04-01
1034,796,MBA,2027-03-26
1035,797,High School Diploma,2023-02-15
1036,798,Competition Award,2023-05-11
1037,799,Middle School Diploma,2027-02-05
1038,800,Published Project,2023-11-13
1039,801,AS in Information Systems,2030-11-18
1040,802,Internship,2022-03-10
1041,803,Data Analyst,2026-04-10
1042,804,BS in Computer Science,2028-05-16
1043,804,Data Analytics Certificate,2026-05-16
1044,805,Apprentice Technician,2024-04-02
1045,806,Software Engineer I,2024-06-29
1046,806,BS in Information Systems,2024-05-30
1047,806,Mentorship Program,2024-06-03
1048,807,AS in Information Systems,2025-01-27
1049,808,High School Diploma,2029-06-14
1050,808,Lifeguard,2024-12-05
1051,809,Camp Counselor,2026-03-07
1052,810,AAS in Drafting & Design,2025-08-08
1053,811,Junior Art Assistant,2025-07-05
1054,812,Competition Award,2022-11-04
1055,813,MS in Information Systems,2027-02-05
1056,813,Product Designer,2027-03-07
1057,814,Camp Counselor,2022-09-02
1058,814,Competition Award,2024-06-06
1059,815,Published Project,2025-01-09
1060,817,IT Support Certificate,2030-06-15
1061,818,High School Diploma,2031-02-02
1062,818,Published Project,2023-02-19
1063,818,Systems Analyst,2035-02-02
1064,819,MS in Data Science,2036-07-19
1065,820,Mentorship Program,2024-01-02
1066,821,Mentorship Program,2023-04-30
1067,822,Middle School Diploma,2023-12-03
1068,823,Competition Award,2025-06-24
1069,825,IT Support Certificate,2024-12-18
1070,825,Mentorship Program,2025-04-13
1071,826,Clinical Data Coordinator,2024-06-25
1072,826,Lab Assistant,2025-12-13
1073,826,AA in Art & Design,2025-12-31
1074,827,MBA,2024-07-22
1075,828,Published Project,2022-03-12
1076,829,MS in Data Science,2024-07-30
1077,830,AS in Computer Science,2032-07-06
1078,831,BS in Data Analytics,2026-04-30
1079,831,High School Diploma,2024-11-06
1080,832,Middle School Diploma,2024-03-11
1081,832,Studio Assistant,2024-03-01
1082,833,Web Development Certificate,2027-01-20
1083,834,Middle School Diploma,2022-03-21
1084,835,Web Development Certificate,2025-08-25
1085,836,Middle School Diploma,2027-07-12
1086,836,Internship,2025-11-27
1087,837,Web Development Certificate,2024-12-01
1088,837,Data Analyst,2024-07-09
1089,838,Data Analyst,2028-11-26
1090,839,BA in Studio Arts,2024-06-11
1091,839,Lab Assistant,2023-09-19
1092,840,MS in Information Systems,2032-08-20
1093,841,Mentorship Program,2025-12-04
1094,841,Published Project,2024-05-08
1095,842,Competition Award,2024-06-09
1096,843,MFA in Studio Arts,2030-03-08
1097,843,Internship,2023-02-11
1098,844,Middle School Diploma,2024-04-24
1099,845,High School Diploma,2025-07-17
1100,846,MBA,2028-09-18
1101,847,Middle School Diploma,2026-05-13
1102,848,AAS in Drafting & Design,2024-09-15
1103,849,Studio Assistant,2029-02-23
1104,850,AAS in Drafting & Design,2027-02-09
1105,851,Mentorship Program,2025-07-10
1106,851,Middle School Diploma,2025-05-08
1107,852,BS in Mechanical Engineering,2025-12-21
1108,852,Published Project,2023-06-05
1109,854,Competition Award,2024-04-18
1110,855,Digital Illustration Certificate,2025-07-09
1111,856,Competition Award,2023-07-31
1112,857,Digital Illustration Certificate,2031-06-28
1113,858,MBA,2022-07-05
1114,859,Published Project,2023-04-03
1115,859,Internship,2023-10-24
1116,860,BA in Studio Arts,2028-08-18
1117,861,Internship,2024-12-01
1118,862,Systems Analyst,2026-01-20
1119,862,Middle School Diploma,2026-01-23
1120,863,AS in Computer Science,2026-11-26
1121,863,High School Diploma,2025-11-26
1122,864,High School Diploma,2027-05-30
1123,864,AS in Information Systems,2028-05-30
1124,865,Digital Illustration Certificate,2026-01-21
1125,865,Lab Assistant,2026-03-11
1126,866,Internship,2024-01-20
1127,866,Published Project,2023-11-26
1128,867,Retail Assistant,2023-09-23
1129,868,Lab Assistant,2029-12-17
1130,868,Middle School Diploma,2025-12-17
1131,869,Competition Award,2022-10-06
1132,870,Lifeguard,2025-11-10
1133,870,Middle School Diploma,2026-05-12
1134,871,Web Development Certificate,2022-02-23
1135,872,Internship,2026-01-06
1136,874,Clinical Data Coordinator,2024-11-30
1137,875,Camp Counselor,2024-02-14
1138,875,Mentorship Program,2023-07-03
1139,876,BS in Data Analytics,2023-09-20
1140,877,Competition Award,2024-09-09
1141,878,Mentorship Program,2023-12-24
1142,879,Software Engineer I,2028-09-26
1143,881,AA in Art & Design,2029-09-10
1144,882,Published Project,2025-04-25
1145,883,BS in Information Systems,2029-09-03
1146,884,Apprentice Technician,2024-12-06
1147,885,Lifeguard,2024-11-05
1148,885,Mentorship Program,2024-12-10
1149,886,BS in Information Systems,2028-01-25
1150,887,Competition Award,2026-06-19
1151,889,AS in Computer Science,2025-03-30
1152,890,Digital Illustration Certificate,2025-12-16
1153,890,High School Diploma,2025-09-17
1154,892,Mentorship Program,2022-06-05
1155,893,High School Diploma,2026-09-22
1156,894,Middle School Diploma,2022-03-11
1157,895,Data Analytics Certificate,2024-11-29
1158,896,Junior Art Assistant,2023-09-30
1159,897,High School Diploma,2025-02-03
1160,898,Mentorship Program,2023-09-26
1161,899,Customer Support Rep,2027-08-02
1162,900,AA in Art & Design,2027-04-10
1163,901,Competition Award,2024-10-04
1164,902,Mentorship Program,2025-05-11
1165,903,Systems Analyst,2025-09-07
1166,904,BS in Information Systems,2025-11-12
1167,905,AS in Information Systems,2025-06-22
1168,906,Internship,2024-08-26
1169,906,MS in Data Science,2024-11-11
1170,907,High School Diploma,2025-06-04
1171,908,BA in Studio Arts,2026-04-29
1172,908,Mentorship Program,2026-01-18
1173,909,Software Engineer I,2022-07-03
1174,911,Mentorship Program,2025-12-15
1175,912,Competition Award,2025-12-19
1176,913,Mentorship Program,2023-09-04
1177,914,Junior Art Assistant,2024-09-18
1178,915,Lab Assistant,2025-09-16
1179,916,Internship,2024-12-03
1180,917,Internship,2023-12-04
1181,918,BS in Information Systems,2033-01-29
1182,919,Internship,2023-03-16
1183,920,Junior Art Assistant,2022-06-09
1184,921,Middle School Diploma,2023-05-09
1185,922,Retail Assistant,2023-07-29
1186,923,MBA,2024-04-21
1187,924,Junior Art Assistant,2024-10-01
1188,925,Middle School Diploma,2027-03-06
1189,926,AAS in Drafting & Design,2025-10-30
1190,927,High School Diploma,2023-06-30
1191,928,Customer Support Rep,2024-06-18
1192,929,Middle School Diploma,2023-03-29
1193,930,Data Analyst,2028-07-19
1194,930,MS in Information Systems,2028-06-19
1195,931,Published Project,2024-12-01
1196,932,Junior Art Assistant,2024-03-05
1197,933,BS in Information Systems,2031-11-29
1198,934,High School Diploma,2025-08-27
1199,935,BS in Data Analytics,2025-12-21
1200,935,Apprentice Technician,2022-12-21
1201,936,Middle School Diploma,2023-03-25
1202,937,Apprentice Technician,2022-09-20
1203,938,Lab Assistant,2025-03-13
1204,938,Internship,2024-11-19
1205,938,Published Project,2025-06-26
1206,938,Mentorship Program,2025-01-11
1207,939,AS in Information Systems,2025-03-16
1208,940,BS in Data Analytics,2025-05-16
1209,941,MS in Information Systems,2035-07-19
1210,941,Mentorship Program,2023-04-21
1211,941,Published Project,2022-10-07
1212,941,Internship,2022-11-06
1213,942,BS in Data Analytics,2022-10-22
1214,943,MFA in Studio Arts,2023-07-12
1215,943,Internship,2025-12-09
1216,943,Middle School Diploma,2025-09-01
1217,944,Software Engineer I,2025-05-16
1218,945,Systems Analyst,2024-08-24
1219,946,Competition Award,2024-04-19
1220,946,Internship,2024-03-16
1221,947,Competition Award,2024-02-29
1222,948,BS in Computer Science,2025-02-17
1223,949,High School Diploma,2022-08-09
1224,949,Junior Art Assistant,2022-05-15
1225,951,BS in Data Analytics,2028-05-31
1226,952,Competition Award,2025-07-27
1227,953,IT Support Certificate,2022-09-05
1228,954,Data Analytics Certificate,2024-12-23
1229,954,BS in Computer Science,2025-04-29
1230,955,Mentorship Program,2026-03-23
1231,956,Competition Award,2023-08-01
1232,956,Mentorship Program,2023-05-15
1233,956,Software Engineer I,2026-02-10
1234,958,BS in Information Systems,2023-06-30
1235,958,Competition Award,2023-02-06
1236,959,Published Project,2023-06-04
1237,960,Junior QA Tester,2024-07-04
1238,961,Mentorship Program,2022-05-24
1239,962,Digital Illustration Certificate,2032-03-16
1240,962,Internship,2024-10-30
1241,962,Mentorship Program,2024-09-10
1242,963,Published Project,2024-11-17
1243,964,Software Engineer I,2030-03-18
1244,965,Digital Illustration Certificate,2025-09-26
1245,965,Competition Award,2025-04-05
1246,966,Internship,2023-08-06
1247,967,Competition Award,2022-09-01
1248,968,Published Project,2025-09-07
1249,970,IT Support Certificate,2026-09-22
1250,970,IT Help Desk Trainee,2022-09-28
1251,971,Camp Counselor,2024-11-11
1252,972,High School Diploma,2022-11-09
1253,973,Internship,2024-09-01
1254,974,High School Diploma,2029-06-30
1255,975,Studio Assistant,2028-11-09
1256,975,BS in Information Systems,2031-11-09
1257,976,MS in Information Systems,2031-01-25
1258,977,Middle School Diploma,2025-06-05
1259,978,Mentorship Program,2026-07-28
1260,978,Competition Award,2026-01-19
1261,979,Lab Assistant,2030-11-26
1262,980,Retail Assistant,2025-04-23
1263,980,Junior QA Tester,2025-07-01
1264,981,MFA in Studio Arts,2035-03-12
1265,982,MS in Information Systems,2024-11-06
1266,983,BS in Data Analytics,2024-10-09
1267,983,Internship,2024-03-21
1268,984,Competition Award,2023-07-18
1269,985,MFA in Studio Arts,2024-12-12
1270,986,High School Diploma,2023-08-26
1271,987,Published Project,2022-12-19
1272,988,Mentorship Program,2024-02-12
1273,989,Mentorship Program,2025-01-29
1274,989,IT Help Desk Trainee,2025-10-28
1275,990,Digital Illustration Certificate,2030-12-11
1276,991,Junior QA Tester,2026-05-17
1277,991,High School Diploma,2026-04-17
1278,991,Retail Assistant,2025-08-24
1279,992,MBA,2023-10-20
1280,992,Published Project,2023-10-20
1281,993,Published Project,2024-12-30
1282,994,Published Project,2025-01-18
1283,995,Product Designer,2026-03-19
1284,996,Published Project,2024-09-19
1285,997,Competition Award,2022-10-02
1286,998,High School Diploma,2022-09-29
1287,999,Studio Assistant,2023-06-22
1288,1000,Data Analyst,2027-07-22
1289,1000,Middle School Diploma,2022-05-01
1290,1001,MS in Data Science,2026-11-10
1291,1001,Published Project,2025-02-19
1292,1002,Web Development Certificate,2024-02-20
1293,1003,High School Diploma,2031-08-25
1294,1005,AA in Art & Design,2027-06-06
1295,1005,Lifeguard,2025-10-29
1296,1006,BS in Information Systems,2028-09-18
1297,1006,Internship,2024-11-18
1298,1007,BS in Mechanical Engineering,2023-09-15
1299,1008,Published Project,2022-07-07
1300,1008,High School Diploma,2023-12-02
1301,1009,Clinical Data Coordinator,2022-04-18
1302,1010,Mentorship Program,2024-08-23
1303,1011,Internship,2024-03-06
1304,1012,Data Analyst,2025-08-13
1305,1013,AS in Information Systems,2032-10-27
1306,1013,Internship,2023-03-31
1307,1014,Mentorship Program,2024-01-02
1308,1015,BS in Information Systems,2022-09-18
1309,1015,MS in Information Systems,2024-09-18
1310,1016,Published Project,2022-01-24
1311,1017,IT Support Certificate,2024-06-28
1312,1017,Internship,2024-01-10
1313,1017,Junior QA Tester,2023-11-20
1314,1018,Camp Counselor,2022-05-16
1315,1019,AS in Information Systems,2024-04-07
1316,1020,Mentorship Program,2025-01-10
1317,1021,Middle School Diploma,2024-08-14
1318,1022,IT Help Desk Trainee,2023-11-08
1319,1024,Customer Support Rep,2024-12-30
1320,1024,Published Project,2025-09-01
1321,1025,MS in Information Systems,2025-11-16
1322,1026,Customer Support Rep,2029-08-31
1323,1027,High School Diploma,2025-01-13
1324,1028,Published Project,2023-06-17
1325,1029,Clinical Data Coordinator,2022-09-14
1326,1030,Mentorship Program,2022-08-09
1327,1030,AAS in Drafting & Design,2022-03-13
1328,1030,Clinical Data Coordinator,2025-02-19
1329,1031,MBA,2027-06-22
1330,1031,AS in Information Systems,2025-02-18
1331,1032,MFA in Studio Arts,2026-09-16
1332,1032,Competition Award,2025-04-15
1333,1033,Data Analyst,2027-11-23
1334,1033,Digital Illustration Certificate,2024-11-12
1335,1033,MFA in Studio Arts,2027-10-24
1336,1034,Middle School Diploma,2025-10-05
1337,1035,BS in Mechanical Engineering,2034-06-29
1338,1036,Published Project,2023-12-10
1339,1037,Junior QA Tester,2028-04-24
1340,1038,Digital Illustration Certificate,2022-10-15
1341,1039,High School Diploma,2025-06-12
1342,1039,Systems Analyst,2025-09-16
1343,1040,High School Diploma,2025-12-21
1344,1040,MBA,2030-12-21
1345,1040,Junior Art Assistant,2022-07-03
1346,1041,Internship,2024-05-04
1347,1042,AS in Information Systems,2032-01-04
1348,1042,Apprentice Technician,2031-01-04
1349,1042,MBA,2036-01-04
1350,1043,Mentorship Program,2023-11-22
1351,1044,BS in Computer Science,2024-11-11
1352,1045,BS in Mechanical Engineering,2026-04-03
1353,1046,Competition Award,2025-10-13
1354,1047,Published Project,2023-12-02
1355,1048,Published Project,2024-09-24
1356,1050,Digital Illustration Certificate,2024-11-10
1357,1051,Lab Assistant,2030-03-05
1358,1052,Competition Award,2022-04-13
1359,1053,Middle School Diploma,2025-04-15
1360,1054,Published Project,2025-09-05
1361,1055,BS in Data Analytics,2031-03-17
1362,1055,Middle School Diploma,2025-03-14
1363,1056,Middle School Diploma,2023-05-17
1364,1057,Studio Assistant,2024-03-12
1365,1058,MFA in Studio Arts,2023-05-03
1366,1059,Published Project,2022-02-12
1367,1060,MBA,2029-02-13
1368,1061,Internship,2024-08-28
1369,1061,Published Project,2024-05-11
1370,1061,Junior Art Assistant,2024-10-26
1371,1063,High School Diploma,2031-09-24
1372,1063,BS in Mechanical Engineering,2034-09-24
1373,1064,Published Project,2023-11-08
1374,1065,Internship,2022-06-14
1375,1066,High School Diploma,2030-03-25
1376,1067,High School Diploma,2025-09-05
1377,1067,AA in Art & Design,2025-12-14
1378,1067,IT Support Certificate,2025-12-04
1379,1068,Published Project,2024-09-10
1380,1068,MBA,2033-11-09
1381,1069,AA in Art & Design,2026-06-17
1382,1070,Middle School Diploma,2025-03-10
1383,1071,Middle School Diploma,2025-10-27
1384,1072,AS in Computer Science,2025-08-10
1385,1072,Apprentice Technician,2024-09-09
1386,1072,IT Support Certificate,2025-08-10
1387,1072,High School Diploma,2024-08-10
1388,1073,IT Support Certificate,2022-10-06
1389,1073,Mentorship Program,2022-09-13
1390,1074,AS in Information Systems,2022-08-15
1391,1075,Camp Counselor,2024-07-08
1392,1076,MS in Information Systems,2031-04-04
1393,1076,Software Engineer I,2031-05-04
1394,1077,Competition Award,2025-02-07
1395,1078,Published Project,2023-05-05
1396,1079,Middle School Diploma,2027-05-11
1397,1079,High School Diploma,2031-05-11
1398,1080,Web Development Certificate,2022-07-07
1399,1080,BS in Mechanical Engineering,2022-08-27
1400,1081,Customer Support Rep,2024-03-19
1401,1082,MS in Data Science,2023-03-14
1402,1083,Competition Award,2023-01-10
1403,1084,Middle School Diploma,2022-07-18
1404,1085,Junior Art Assistant,2023-11-11
1405,1086,High School Diploma,2024-08-31
1406,1086,IT Help Desk Trainee,2024-03-04
1407,1087,High School Diploma,2030-04-26
1408,1088,High School Diploma,2029-08-01
1409,1088,BA in Studio Arts,2032-08-01
1410,1089,Lifeguard,2024-04-18
1411,1089,Studio Assistant,2024-11-05
1412,1090,Apprentice Technician,2022-03-04
1413,1090,Competition Award,2022-10-26
1414,1091,High School Diploma,2027-05-07
1415,1091,BS in Mechanical Engineering,2030-05-07
1416,1092,AAS in Drafting & Design,2026-10-30
1417,1092,IT Support Certificate,2026-10-30
1418,1093,MS in Data Science,2024-08-30
1419,1094,MFA in Studio Arts,2029-10-27
1420,1095,Published Project,2024-04-15
1421,1095,Lifeguard,2025-05-31
1422,1095,Mentorship Program,2025-06-13
1423,1096,BS in Computer Science,2024-02-17
1424,1097,AS in Information Systems,2025-05-23
1425,1097,BS in Computer Science,2023-08-11
1426,1098,Mentorship Program,2025-08-14
1427,1099,Mentorship Program,2025-03-08
1428,1100,Mentorship Program,2024-07-01
1429,1101,Mentorship Program,2025-11-01
1430,1101,Middle School Diploma,2025-11-08
1431,1102,Lifeguard,2025-01-25
1432,1103,BS in Computer Science,2026-08-12
1433,1103,Mentorship Program,2023-02-12
1434,1104,Data Analytics Certificate,2025-04-15
1435,1104,Lifeguard,2025-06-02
1436,1105,Mentorship Program,2023-03-22
1437,1106,Competition Award,2024-03-09
1438,1107,Published Project,2026-06-28
1439,1109,Mentorship Program,2023-10-19
1440,1109,Lifeguard,2024-04-22
1441,1109,BS in Mechanical Engineering,2033-05-27
1442,1110,High School Diploma,2023-12-08
1443,1110,Retail Assistant,2022-09-10
1444,1110,Middle School Diploma,2022-12-08
1445,1111,Studio Assistant,2024-08-08
1446,1112,Junior QA Tester,2029-01-06
1447,1113,Published Project,2023-03-27
1448,1114,Published Project,2022-08-18
1449,1115,High School Diploma,2026-01-30
1450,1115,BS in Computer Science,2027-07-24
1451,1115,Middle School Diploma,2025-01-30
1452,1116,Published Project,2023-11-11
1453,1117,Systems Analyst,2030-10-26
1454,1117,Data Analytics Certificate,2027-10-26
1455,1118,Middle School Diploma,2024-01-19
1456,1119,Web Development Certificate,2021-11-29
1457,1120,Data Analytics Certificate,2030-11-12
1458,1121,Internship,2023-11-27
1459,1122,Studio Assistant,2031-09-05
1460,1123,AS in Computer Science,2030-06-18
1461,1124,MS in Information Systems,2033-07-21
1462,1125,Lab Assistant,2027-07-06
1463,1125,High School Diploma,2027-06-06
1464,1126,Competition Award,2026-03-26
1465,1133,High School Diploma,2023-04-17
1466,1141,Internship,2024-05-25
1467,1144,BS in Data Analytics,2025-10-08
1468,1145,Customer Support Rep,2028-01-23
1469,1145,Published Project,2023-06-10
1470,1152,Published Project,2025-03-04
1471,1154,Middle School Diploma,2025-03-13
1472,1159,High School Diploma,2030-04-07
1473,1160,Internship,2025-12-13
1474,1162,BS in Data Analytics,2032-09-26
1475,1166,High School Diploma,2027-01-02
1476,1169,Internship,2026-09-26
1477,1170,Published Project,2027-03-11
1478,1173,Mentorship Program,2026-01-19
1479,1176,Competition Award,2026-06-06
1480,1176,MBA,2028-02-16